DSE index,"DLA HW (pes, bw)","RRAM HW (tiles, bw)",DLA layernum,RRAM layernum,DLA EDP,RRAM EDP,DLA area,restraint
1,1024 16,4 48,70,0,4.409652534182164e+18,0.0,25690900000000.0,pass
2,1024 20,4 44,70,0,4.409652534182164e+18,0.0,32113400000000.0,pass
3,1024 24,4 40,70,0,4.409652534182164e+18,0.0,38536000000000.0,pass
4,1024 28,4 36,70,0,4.409652534182164e+18,0.0,44958600000000.0,pass
